"","pathway","genus","species","metadata","value","coef","stderr","pval","name","qval","N","N.not.zero","plog","plogn"
"1","PWY.5695..inosine.5..phosphate.degradation.g","Streptococcus","Streptococcus_salivarius","strep_exposure","Y",6.82371312618658,0.235557275480869,5.60114242295474e-11,"strep_exposureY",4.05153748717124e-08,12,7,23.6054654419003,2.04644299502343
"2","PWY.6123..inosine.5..phosphate.biosynthesis.I.g","Streptococcus","Streptococcus_vestibularis","strep_exposure","Y",6.03623809593999,0.213297627193329,7.05658811908873e-11,"strep_exposureY",4.05153748717124e-08,12,7,23.3744743574925,2.00800252180655
"3","PWY.7238..sucrose.biosynthesis.II.g","Streptococcus","Streptococcus_salivarius","strep_exposure","Y",5.65638293623223,0.19145602451179,4.61026855692248e-11,"strep_exposureY",4.05153748717124e-08,12,7,23.800149912325,2.07884148862887
"4","PWY0.1296..purine.ribonucleosides.degradation.g","Streptococcus","Streptococcus_salivarius","strep_exposure","Y",7.18533809522518,0.252471044341323,6.67295033956824e-11,"strep_exposureY",4.05153748717124e-08,12,7,23.4303739310356,2.01730507157867
"5","PWY66.429..fatty.acid.biosynthesis.initiation..mitochondria..g","Streptococcus","Streptococcus_equinus","strep_exposure","Y",6.83484865261731,0.243248976707679,7.57296726574063e-11,"strep_exposureY",4.05153748717124e-08,12,7,23.3038510553078,1.99624971687437
"6","PWY.6124..inosine.5..phosphate.biosynthesis.II.g","Streptococcus","Streptococcus_equinus","strep_exposure","Y",5.57018038474637,0.220668720896006,2.18180360507598e-10,"strep_exposureY",7.35864857716571e-08,12,7,22.24569905342,1.82015693046997
"7","PWY.621..sucrose.degradation.III..sucrose.invertase..g","Streptococcus","Streptococcus_equinus","strep_exposure","Y",5.8964428311119,0.232443987889894,2.07818829968213e-10,"strep_exposureY",7.35864857716571e-08,12,7,22.2943544255449,1.82825393358078
"8","PWY.6936..seleno.amino.acid.biosynthesis..plants..g","Streptococcus","Streptococcus_equinus","strep_exposure","Y",4.71663004247313,0.187018075422003,2.20071733148881e-10,"strep_exposureY",7.35864857716571e-08,12,7,22.2370675629545,1.8187205175499
"9","BRANCHED.CHAIN.AA.SYN.PWY..superpathway.of.branched.chain.amino.acid.biosynthesis.g","Streptococcus","Streptococcus_equinus","strep_exposure","Y",4.75305126017241,0.204519447215371,4.92266498991784e-10,"strep_exposureY",1.02221998307788e-07,12,7,21.4320008814661,1.68474502543561
"10","GLUTORN.PWY..L.ornithine.biosynthesis.I.g","Streptococcus","Streptococcus_salivarius","strep_exposure","Y",5.15409199376248,0.224995855469653,5.67210636958403e-10,"strep_exposureY",1.02221998307788e-07,12,7,21.2902903874337,1.66116221718841
"11","PWY.5103..L.isoleucine.biosynthesis.III.g","Streptococcus","Streptococcus_equinus","strep_exposure","Y",4.66033866211326,0.203112551509808,5.58256823112493e-10,"strep_exposureY",1.02221998307788e-07,12,7,21.3062020029588,1.66381015501681
"12","PWY.6609..adenine.and.adenosine.salvage.III.g","Streptococcus","Streptococcus_equinus","strep_exposure","Y",4.0562955860929,0.177863925877608,5.92611736258978e-10,"strep_exposureY",1.02221998307788e-07,12,7,21.2464816762957,1.65387177309407
"13","PWY.6609..adenine.and.adenosine.salvage.III.g","Streptococcus","Streptococcus_pneumoniae","strep_exposure","Y",5.02002994692659,0.220823647608978,6.11421298289571e-10,"strep_exposureY",1.02221998307788e-07,12,7,21.2152348717996,1.64867182369158
"14","PWY.6609..adenine.and.adenosine.salvage.III.g","Streptococcus","Streptococcus_salivarius","strep_exposure","Y",7.16984248773228,0.313536097303401,5.76992814401472e-10,"strep_exposureY",1.02221998307788e-07,12,7,21.273191302875,1.6583166662283
"15","PWY.822..fructan.biosynthesis.g","Streptococcus","Streptococcus_equinus","strep_exposure","Y",5.19283280105993,0.216770937596324,3.65322619669789e-10,"strep_exposureY",1.02221998307788e-07,12,7,21.7302402632401,1.73437665081496
"16","PWY0.1296..purine.ribonucleosides.degradation.g","Streptococcus","Streptococcus_pneumoniae","strep_exposure","Y",4.96971395480888,0.214156956341968,4.99436742498555e-10,"strep_exposureY",1.02221998307788e-07,12,7,21.4175401675042,1.68233853996811
"17","ILEUSYN.PWY..L.isoleucine.biosynthesis.I..from.threonine..g","Streptococcus","Streptococcus_equinus","strep_exposure","Y",4.47956874429221,0.199365294031473,6.85785089469348e-10,"strep_exposureY",1.07910300842971e-07,12,7,21.1004568179422,1.62957098819181
"18","PWY.822..fructan.biosynthesis.g","Streptococcus","Streptococcus_salivarius","strep_exposure","Y",4.8563583380141,0.21782447944342,7.4029891400622e-10,"strep_exposureY",1.10016644164813e-07,12,7,21.023967073445,1.61684191692809
"19","PWY.6151..S.adenosyl.L.methionine.salvage.I.g","Streptococcus","Streptococcus_pneumoniae","strep_exposure","Y",3.98012670111753,0.18071146402086,8.34385944807456e-10,"strep_exposureY",1.17472758018945e-07,12,7,20.9043250570537,1.59693164316799
"20","ARGSYNBSUB.PWY..L.arginine.biosynthesis.II..acetyl.cycle..g","Streptococcus","Streptococcus_salivarius","strep_exposure","Y",4.65072665778801,0.22167222623604,1.34364215649967e-09,"strep_exposureY",1.41612294183001e-07,12,7,20.4278818829014,1.51764416277749
"21","DTDPRHAMSYN.PWY..dTDP..beta..L.rhamnose.biosynthesis.g","Streptococcus","Streptococcus_salivarius","strep_exposure","Y",4.24445697686184,0.199250194936133,1.1573704379105e-09,"strep_exposureY",1.41612294183001e-07,12,7,20.5771152689238,1.54247889608836
"22","ILEUSYN.PWY..L.isoleucine.biosynthesis.I..from.threonine..g","Streptococcus","Streptococcus_salivarius","strep_exposure","Y",5.15648456575899,0.242914685315935,1.19785557226628e-09,"strep_exposureY",1.41612294183001e-07,12,7,20.5427329018945,1.53675714079936
"23","P41.PWY..pyruvate.fermentation.to.acetate.and..S..lactate.I.g","Streptococcus","Streptococcus_equinus","strep_exposure","Y",4.62996116608359,0.21912269668829,1.25343610101726e-09,"strep_exposureY",1.41612294183001e-07,12,7,20.4973771760817,1.52920924964239
"24","PWY.5100..pyruvate.fermentation.to.acetate.and.lactate.II.g","Streptococcus","Streptococcus_equinus","strep_exposure","Y",4.62996116608359,0.21912269668829,1.25343610101726e-09,"strep_exposureY",1.41612294183001e-07,12,7,20.4973771760817,1.52920924964239
"25","PWY.6317..D.galactose.degradation.I..Leloir.pathway..g","Streptococcus","Streptococcus_salivarius","strep_exposure","Y",5.07344569577394,0.241942728119232,1.35029875637202e-09,"strep_exposureY",1.41612294183001e-07,12,7,20.4229399679632,1.5168217520368
"26","PWY.6387..UDP.N.acetylmuramoyl.pentapeptide.biosynthesis.I..meso.diaminopimelate.containing..g","Streptococcus","Streptococcus_equinus","strep_exposure","Y",4.79608115556245,0.230324670423189,1.44626765937655e-09,"strep_exposureY",1.41612294183001e-07,12,7,20.3542796270361,1.5053956140833
"27","PWY4FS.7..phosphatidylglycerol.biosynthesis.I..plastidic..g","Streptococcus","Streptococcus_pneumoniae","strep_exposure","Y",5.03270911656686,0.242296437758387,1.4822969110744e-09,"strep_exposureY",1.41612294183001e-07,12,7,20.3296729852843,1.50130069000586
"28","PWY4FS.8..phosphatidylglycerol.biosynthesis.II..non.plastidic..g","Streptococcus","Streptococcus_pneumoniae","strep_exposure","Y",5.03270911656686,0.242296437758387,1.4822969110744e-09,"strep_exposureY",1.41612294183001e-07,12,7,20.3296729852843,1.50130069000586
"29","PWY.5103..L.isoleucine.biosynthesis.III.g","Streptococcus","Streptococcus_salivarius","strep_exposure","Y",5.13097346071521,0.249331824196739,1.62336939587566e-09,"strep_exposureY",1.49741832205772e-07,12,7,20.2387619736483,1.4861716978334
"30","UDPNAGSYN.PWY..UDP.N.acetyl.D.glucosamine.biosynthesis.I.g","Streptococcus","Streptococcus_equinus","strep_exposure","Y",4.49125713271779,0.221114906392053,1.84469125494268e-09,"strep_exposureY",1.64484970232389e-07,12,7,20.1109539149516,1.46490246889399
"31","PWY.6151..S.adenosyl.L.methionine.salvage.I.g","Streptococcus","Streptococcus_equinus","strep_exposure","Y",5.56997478425833,0.275242301893286,1.91289518298021e-09,"strep_exposureY",1.65064342402324e-07,12,7,20.0746479399496,1.45886059561887
"32","PWY.6122..5.aminoimidazole.ribonucleotide.biosynthesis.II.g","Streptococcus","Streptococcus_salivarius","strep_exposure","Y",4.46327585490732,0.224138771929161,2.23949270333673e-09,"strep_exposureY",1.8153463580078e-07,12,7,19.9170164684527,1.43262829157239
"33","PWY.6277..superpathway.of.5.aminoimidazole.ribonucleotide.biosynthesis.g","Streptococcus","Streptococcus_salivarius","strep_exposure","Y",4.46327585490732,0.224138771929161,2.23949270333673e-09,"strep_exposureY",1.8153463580078e-07,12,7,19.9170164684527,1.43262829157239
"34","ARGSYNBSUB.PWY..L.arginine.biosynthesis.II..acetyl.cycle..g","Streptococcus","Streptococcus_equinus","strep_exposure","Y",4.95350686877051,0.256708841574835,3.04522194693993e-09,"strep_exposureY",2.39587314943068e-07,12,7,19.6096920494622,1.38148477610995
"35","PWY.7228..superpathway.of.guanosine.nucleotides.de.novo.biosynthesis.I.g","Streptococcus","Streptococcus_pneumoniae","strep_exposure","Y",5.0694081090207,0.265444090534928,3.36828829615158e-09,"strep_exposureY",2.57433462634442e-07,12,7,19.5088611456099,1.36470496112746
"36","PWY.7220..adenosine.deoxyribonucleotides.de.novo.biosynthesis.II.g","Streptococcus","Streptococcus_pneumoniae","strep_exposure","Y",5.45315884358276,0.297435075950684,5.01390928616291e-09,"strep_exposureY",3.43902752320148e-07,12,7,19.1110499294835,1.29850304931739
"37","PWY.7222..guanosine.deoxyribonucleotides.de.novo.biosynthesis.II.g","Streptococcus","Streptococcus_pneumoniae","strep_exposure","Y",5.45315884358276,0.297435075950684,5.01390928616291e-09,"strep_exposureY",3.43902752320148e-07,12,7,19.1110499294835,1.29850304931739
"38","THRESYN.PWY..superpathway.of.L.threonine.biosynthesis.g","Streptococcus","Streptococcus_salivarius","strep_exposure","Y",6.49135318181082,0.35127024283311,4.64195752806592e-09,"strep_exposureY",3.43902752320148e-07,12,8,19.1881296786263,1.31133030643896
"39","VALSYN.PWY..L.valine.biosynthesis.g","Streptococcus","Streptococcus_pneumoniae","strep_exposure","Y",4.56182078011725,0.247544279812116,4.76947483579504e-09,"strep_exposureY",3.43902752320148e-07,12,8,19.1610296354249,1.30682044196722
"40","PWY.822..fructan.biosynthesis.g","Streptococcus","Streptococcus_pneumoniae","strep_exposure","Y",4.11659154142249,0.225765691398989,5.2881644534996e-09,"strep_exposureY",3.53645997827786e-07,12,7,19.0577946355047,1.28964054838106
"41","PWY.7221..guanosine.ribonucleotides.de.novo.biosynthesis.g","Streptococcus","Streptococcus_salivarius","strep_exposure","Y",1.25373661904992,0.0697631703691857,6.0896383049022e-09,"strep_exposureY",3.97311767453985e-07,12,6,18.91667714863,1.26615642565595
"42","PWY.6387..UDP.N.acetylmuramoyl.pentapeptide.biosynthesis.I..meso.diaminopimelate.containing..g","Streptococcus","Streptococcus_salivarius","strep_exposure","Y",4.49760136978305,0.250964260992072,6.25701630885679e-09,"strep_exposureY",3.98074460009466e-07,12,7,18.8895623934358,1.26164411288207
"43","PWY.7228..superpathway.of.guanosine.nucleotides.de.novo.biosynthesis.I.g","Streptococcus","Streptococcus_salivarius","strep_exposure","Y",1.25509107549894,0.0701953165041816,6.39895393660076e-09,"strep_exposureY",3.98074460009466e-07,12,6,18.8671313073459,1.2579112347657
"44","GLYCOGENSYNTH.PWY..glycogen.biosynthesis.I..from.ADP.D.Glucose..g","Streptococcus","Streptococcus_equinus","strep_exposure","Y",4.22385920294567,0.237800052801505,6.82341649447278e-09,"strep_exposureY",4.05614202726993e-07,12,7,18.802905538257,1.24722307784906
"45","PWY.7221..guanosine.ribonucleotides.de.novo.biosynthesis.g","Streptococcus","Streptococcus_pneumoniae","strep_exposure","Y",4.64136811789344,0.261200556008401,6.79683443818297e-09,"strep_exposureY",4.05614202726993e-07,12,7,18.8068088569508,1.24787265018252
"46","GLUTORN.PWY..L.ornithine.biosynthesis.I.g","Streptococcus","Streptococcus_equinus","strep_exposure","Y",4.53665234118715,0.263007415425068,9.07008784783999e-09,"strep_exposureY",5.27445325934173e-07,12,7,18.5182838873271,1.19985765256626
"47","GLYCOGENSYNTH.PWY..glycogen.biosynthesis.I..from.ADP.D.Glucose..g","Streptococcus","Streptococcus_pneumoniae","strep_exposure","Y",5.01379238625778,0.296335020545975,1.09371843882166e-08,"strep_exposureY",6.22488685925092e-07,12,8,18.3310974416135,1.16870694572636
"48","PWY.7208..superpathway.of.pyrimidine.nucleobases.salvage.g","Streptococcus","Streptococcus_salivarius","strep_exposure","Y",1.25706954918384,0.0745179662549239,1.12553024978156e-08,"strep_exposureY",6.27248628784515e-07,12,6,18.3024264861994,1.16393565727372
"49","ARGSYNBSUB.PWY..L.arginine.biosynthesis.II..acetyl.cycle..g","Streptococcus","Streptococcus_pneumoniae","strep_exposure","Y",3.53522965680024,0.218186760876977,1.66256772551144e-08,"strep_exposureY",8.9548625667109e-07,12,7,17.9123175140845,1.09901551746534
"50","PWY.5667..CDP.diacylglycerol.biosynthesis.I.g","Streptococcus","Streptococcus_salivarius","strep_exposure","Y",4.98387847060868,0.308440252541989,1.7072822089804e-08,"strep_exposureY",8.9548625667109e-07,12,8,17.8857779892702,1.094598931884
"51","PWY0.1319..CDP.diacylglycerol.biosynthesis.II.g","Streptococcus","Streptococcus_salivarius","strep_exposure","Y",4.98387847060868,0.308440252541989,1.7072822089804e-08,"strep_exposureY",8.9548625667109e-07,12,8,17.8857779892702,1.094598931884
"52","PWY.4041...gamma..glutamyl.cycle.g","Streptococcus","Streptococcus_salivarius","strep_exposure","Y",6.50018966441108,0.407014917575354,1.91149850134779e-08,"strep_exposureY",9.83318940597183e-07,12,8,17.7727932538173,1.07579653218002
"53","ARGSYN.PWY..L.arginine.biosynthesis.I..via.L.ornithine..g","Streptococcus","Streptococcus_salivarius","strep_exposure","Y",4.24724917377289,0.273018069479497,2.46219244294997e-08,"strep_exposureY",1.24271033677192e-06,12,7,17.5196285539524,1.03366602792457
"54","PWY0.1297..superpathway.of.purine.deoxyribonucleosides.degradation.g","Streptococcus","Streptococcus_salivarius","strep_exposure","Y",1.33675433019216,0.086468315721454,2.61542939624501e-08,"strep_exposureY",1.29560622869544e-06,12,6,17.4592524548506,1.02361851537052
"55","UNINTEGRATED.g","Streptococcus","Streptococcus_vestibularis","strep_exposure","Y",4.28460476142553,0.281286812999696,3.01627908179738e-08,"strep_exposureY",1.46700846251054e-06,12,8,17.3166567643352,0.999888396798402
"56","PWY.7220..adenosine.deoxyribonucleotides.de.novo.biosynthesis.II.g","Streptococcus","Streptococcus_salivarius","strep_exposure","Y",1.37318614894613,0.0905155146035373,3.13584018197109e-08,"strep_exposureY",1.47164429592503e-06,12,6,17.2777836051445,0.993419304545097
"57","PWY.7222..guanosine.deoxyribonucleotides.de.novo.biosynthesis.II.g","Streptococcus","Streptococcus_salivarius","strep_exposure","Y",1.37318614894613,0.0905155146035373,3.13584018197109e-08,"strep_exposureY",1.47164429592503e-06,12,6,17.2777836051445,0.993419304545097
"58","UNINTEGRATED.g","Streptococcus","Streptococcus_salivarius","strep_exposure","Y",4.44594538027517,0.297825423889759,3.66165699279541e-08,"strep_exposureY",1.66015804334368e-06,12,9,17.1227649687185,0.967621816486521
"59","PWY0.1586..peptidoglycan.maturation..meso.diaminopimelate.containing..g","Streptococcus","Streptococcus_salivarius","strep_exposure","Y",5.61538471085311,0.375605796424766,3.60979513911889e-08,"strep_exposureY",1.66015804334368e-06,12,8,17.1370297213843,0.969995690976959
"60","PWY.6121..5.aminoimidazole.ribonucleotide.biosynthesis.I.g","Streptococcus","Streptococcus_equinus","strep_exposure","Y",4.46996985362114,0.304084081636406,4.24538609381863e-08,"strep_exposureY",1.8804440142032e-06,12,7,16.9748479757175,0.943006151244061
"61","PWY0.1296..purine.ribonucleosides.degradation.g","Streptococcus","Streptococcus_equinus","strep_exposure","Y",2.7707715941172,0.188687510224002,4.28811532210824e-08,"strep_exposureY",1.8804440142032e-06,12,7,16.9648334263971,0.941339576034384
"62","PWY.6387..UDP.N.acetylmuramoyl.pentapeptide.biosynthesis.I..meso.diaminopimelate.containing..g","Streptococcus","Streptococcus_pneumoniae","strep_exposure","Y",4.40216576467012,0.305743045637683,5.17849320241305e-08,"strep_exposureY",2.2342692445895e-06,12,8,16.776166617562,0.909942513976634
"63","PWY4FS.7..phosphatidylglycerol.biosynthesis.I..plastidic..g","Streptococcus","Streptococcus_salivarius","strep_exposure","Y",1.44915636631225,0.101141803454673,5.42693605600009e-08,"strep_exposureY",2.26828967965629e-06,12,6,16.7293060315091,0.902144190904076
"64","PWY4FS.8..phosphatidylglycerol.biosynthesis.II..non.plastidic..g","Streptococcus","Streptococcus_salivarius","strep_exposure","Y",1.44915636631225,0.101141803454673,5.42693605600009e-08,"strep_exposureY",2.26828967965629e-06,12,6,16.7293060315091,0.902144190904076
"65","PWY.6123..inosine.5..phosphate.biosynthesis.I.g","Streptococcus","Streptococcus_salivarius","strep_exposure","Y",4.54874393378262,0.318541231941268,5.60426257609461e-08,"strep_exposureY",2.30636959862355e-06,12,8,16.6971532614549,0.896793474882776
"66","PWY.3841..folate.transformations.II..plants..g","Streptococcus","Streptococcus_pneumoniae","strep_exposure","Y",3.59287126793409,0.25216735080442,5.72572800217726e-08,"strep_exposureY",2.32065490997336e-06,12,7,16.6757110406441,0.893225159175264
"67","PWY.5667..CDP.diacylglycerol.biosynthesis.I.g","Streptococcus","Streptococcus_pneumoniae","strep_exposure","Y",5.06398689218393,0.360932853588548,6.63399602458673e-08,"strep_exposureY",2.60969696555434e-06,12,8,16.528473402676,0.868722549070901
"68","PWY0.1319..CDP.diacylglycerol.biosynthesis.II.g","Streptococcus","Streptococcus_pneumoniae","strep_exposure","Y",5.06398689218393,0.360932853588548,6.63399602458673e-08,"strep_exposureY",2.60969696555434e-06,12,8,16.528473402676,0.868722549070901
"69","HSERMETANA.PWY..L.methionine.biosynthesis.III.g","Streptococcus","Streptococcus_pneumoniae","strep_exposure","Y",2.91367250960041,0.208848328532441,7.00235844052103e-08,"strep_exposureY",2.71468243889764e-06,12,7,16.4744337315674,0.859729515702438
"70","PWY.6163..chorismate.biosynthesis.from.3.dehydroquinate.g","Streptococcus","Streptococcus_pneumoniae","strep_exposure","Y",1.45453908469041,0.104614587137184,7.23346155124252e-08,"strep_exposureY",2.76421566422482e-06,12,6,16.4419630462529,0.854325893686611
"71","GLYCOGENSYNTH.PWY..glycogen.biosynthesis.I..from.ADP.D.Glucose..g","Streptococcus","Streptococcus_salivarius","strep_exposure","Y",4.94668644436269,0.360169545835146,8.13154126883751e-08,"strep_exposureY",3.06364406959723e-06,12,8,16.3249302603975,0.834849836064274
"72","PWY.5981..CDP.diacylglycerol.biosynthesis.III.g","Streptococcus","Streptococcus_salivarius","strep_exposure","Y",5.35844508999119,0.400366417464809,1.04021238803972e-07,"strep_exposureY",3.86467796945314e-06,12,8,16.078670739386,0.793868459895099
"73","PWY.702..L.methionine.biosynthesis.II.g","Streptococcus","Streptococcus_equinus","strep_exposure","Y",4.31820032880723,0.335577996431427,1.51093127056593e-07,"strep_exposureY",5.53663171063542e-06,12,7,15.7053694547605,0.7317453780876
"74","PWY.6123..inosine.5..phosphate.biosynthesis.I.g","Streptococcus","Streptococcus_equinus","strep_exposure","Y",5.20091001519595,0.405991309443631,1.57648714868865e-07,"strep_exposureY",5.69878800370559e-06,12,8,15.6628966027877,0.724677241527737
"75","UNINTEGRATED.g","Streptococcus","Streptococcus_pneumoniae","strep_exposure","Y",3.5336351132825,0.278118318538049,1.70411748541226e-07,"strep_exposureY",5.84424906856128e-06,12,8,15.5850482780897,0.711722081599367
"76","COA.PWY..coenzyme.A.biosynthesis.I..prokaryotic..g","Streptococcus","Streptococcus_equinus","strep_exposure","Y",1.35475985828292,0.106616562592151,1.7024271203095e-07,"strep_exposureY",5.84424906856128e-06,12,6,15.5860407002871,0.711887235934198
"77","COMPLETE.ARO.PWY..superpathway.of.aromatic.amino.acid.biosynthesis.g","Streptococcus","Streptococcus_pneumoniae","strep_exposure","Y",1.40059001915985,0.109834183025696,1.64637546065924e-07,"strep_exposureY",5.84424906856128e-06,12,6,15.6195194698192,0.717458618686179
"78","PWY.7111..pyruvate.fermentation.to.isobutanol..engineered..g","Streptococcus","Streptococcus_salivarius","strep_exposure","Y",5.82886930684273,0.458446586568314,1.69288375330648e-07,"strep_exposureY",5.84424906856128e-06,12,8,15.5916622133033,0.712822742259434
"79","PWY.5686..UMP.biosynthesis.I.g","Streptococcus","Streptococcus_salivarius","strep_exposure","Y",1.56485129444919,0.128064037180963,2.46349965171857e-07,"strep_exposureY",8.03641654676486e-06,12,6,15.2165126893331,0.650392084966024
"80","PWY.7111..pyruvate.fermentation.to.isobutanol..engineered..g","Streptococcus","Streptococcus_equinus","strep_exposure","Y",4.56059450386148,0.373170369752407,2.4598446513507e-07,"strep_exposureY",8.03641654676486e-06,12,8,15.2179974528655,0.650639172480017
"81","PWY.7790..UMP.biosynthesis.II.g","Streptococcus","Streptococcus_salivarius","strep_exposure","Y",1.56485129444919,0.128064037180963,2.46349965171857e-07,"strep_exposureY",8.03641654676486e-06,12,6,15.2165126893331,0.650392084966024
"82","PWY.7791..UMP.biosynthesis.III.g","Streptococcus","Streptococcus_salivarius","strep_exposure","Y",1.56485129444919,0.128064037180963,2.46349965171857e-07,"strep_exposureY",8.03641654676486e-06,12,6,15.2165126893331,0.650392084966024
"83","PWY.5941..glycogen.degradation.II.g","Streptococcus","Streptococcus_salivarius","strep_exposure","Y",1.47136578413596,0.123895044884699,3.22123140810704e-07,"strep_exposureY",1.03816795381763e-05,12,6,14.9483319396298,0.60576267880223
"84","PWY.5384..sucrose.degradation.IV..sucrose.phosphorylase..g","Streptococcus","Streptococcus_equinus","strep_exposure","Y",3.94302192094287,0.334505089206889,3.45495574965879e-07,"strep_exposureY",1.10023888456396e-05,12,7,14.8782860014448,0.594105956129775
"85","PWY.6386..UDP.N.acetylmuramoyl.pentapeptide.biosynthesis.II..lysine.containing..g","Streptococcus","Streptococcus_pneumoniae","strep_exposure","Y",1.5029117719322,0.12955464923318,4.01383453457367e-07,"strep_exposureY",1.26317733882171e-05,12,6,14.7283486235131,0.569154067725223
"86","PWY0.1586..peptidoglycan.maturation..meso.diaminopimelate.containing..g","Streptococcus","Streptococcus_equinus","strep_exposure","Y",3.95324541107856,0.347540193417295,4.82350232643642e-07,"strep_exposureY",1.50033357246714e-05,12,7,14.544595363017,0.53857469576928
"87","PWY.5981..CDP.diacylglycerol.biosynthesis.III.g","Streptococcus","Streptococcus_pneumoniae","strep_exposure","Y",5.1609588243454,0.455635867619152,5.01777916017101e-07,"strep_exposureY",1.54282290269626e-05,12,8,14.505108213514,0.53200342607386
"88","TRNA.CHARGING.PWY..tRNA.charging.g","Streptococcus","Streptococcus_salivarius","strep_exposure","Y",1.61580182848055,0.142991886564746,5.13074897801909e-07,"strep_exposureY",1.55963108138649e-05,12,6,14.4828440028187,0.528298318592665
"89","HSERMETANA.PWY..L.methionine.biosynthesis.III.g","Streptococcus","Streptococcus_salivarius","strep_exposure","Y",4.14662906896497,0.368375377090092,5.31843189502535e-07,"strep_exposureY",1.58075614657698e-05,12,8,14.4469171476282,0.52231953669181
"90","PWY.2941..L.lysine.biosynthesis.II.g","Streptococcus","Streptococcus_salivarius","strep_exposure","Y",1.30600079236789,0.115961928265612,5.29296836974368e-07,"strep_exposureY",1.58075614657698e-05,12,6,14.4517164339659,0.523118211837199
"91","VALSYN.PWY..L.valine.biosynthesis.g","Streptococcus","Streptococcus_equinus","strep_exposure","Y",4.235319955969,0.377512261233712,5.48658525968493e-07,"strep_exposureY",1.61281489776452e-05,12,9,14.415789581726,0.51713943042738
"92","PWY.1042..glycolysis.IV.g","Streptococcus","Streptococcus_pneumoniae","strep_exposure","Y",1.51449106221911,0.13570282324491,5.76142682901652e-07,"strep_exposureY",1.67519747474122e-05,12,6,14.3669104935555,0.509005197521801
"93","PWY.2942..L.lysine.biosynthesis.III.g","Streptococcus","Streptococcus_salivarius","strep_exposure","Y",1.34156748917432,0.120675927203177,5.97359478854678e-07,"strep_exposureY",1.71821140423254e-05,12,6,14.3307467626335,0.502986995851841
"94","PWY.6122..5.aminoimidazole.ribonucleotide.biosynthesis.II.g","Streptococcus","Streptococcus_equinus","strep_exposure","Y",3.4154965607712,0.311370735270361,6.7662743793442e-07,"strep_exposureY",1.90524041734166e-05,12,7,14.2061450287551,0.482251348732792
"95","PWY.6277..superpathway.of.5.aminoimidazole.ribonucleotide.biosynthesis.g","Streptococcus","Streptococcus_equinus","strep_exposure","Y",3.4154965607712,0.311370735270361,6.7662743793442e-07,"strep_exposureY",1.90524041734166e-05,12,7,14.2061450287551,0.482251348732792
"96","PEPTIDOGLYCANSYN.PWY..peptidoglycan.biosynthesis.I..meso.diaminopimelate.containing..g","Streptococcus","Streptococcus_pneumoniae","strep_exposure","Y",1.4724996707581,0.134590930636914,6.93288347973401e-07,"strep_exposureY",1.93181909461338e-05,12,6,14.1818198377548,0.47820326239413
"97","PWY.6163..chorismate.biosynthesis.from.3.dehydroquinate.g","Streptococcus","Streptococcus_salivarius","strep_exposure","Y",1.28321083255729,0.11914972946256,8.02328745862662e-07,"strep_exposureY",2.21260762389961e-05,12,6,14.0357474055096,0.453894560463751
"98","PWY.I9..L.cysteine.biosynthesis.VI..from.L.methionine..g","Streptococcus","Streptococcus_pneumoniae","strep_exposure","Y",1.68515893096449,0.156821818183441,8.19124203505512e-07,"strep_exposureY",2.23587473916045e-05,12,6,14.0150301119596,0.450446883814763
"99","PWY.6385..peptidoglycan.biosynthesis.III..mycobacteria..g","Streptococcus","Streptococcus_salivarius","strep_exposure","Y",1.45001067165786,0.135250165030038,8.36808392129082e-07,"strep_exposureY",2.2384624489453e-05,12,6,13.9936707148511,0.446892351246628
"100","PWY.702..L.methionine.biosynthesis.II.g","Streptococcus","Streptococcus_salivarius","strep_exposure","Y",4.93852726029786,0.460266750392604,8.30503712513183e-07,"strep_exposureY",2.2384624489453e-05,12,8,14.0012334376885,0.44815090477662
"101","PWY.7953..UDP.N.acetylmuramoyl.pentapeptide.biosynthesis.III..meso.diaminopimelate.containing..g","Streptococcus","Streptococcus_salivarius","strep_exposure","Y",1.49198391591811,0.140421619621037,9.09426968826367e-07,"strep_exposureY",2.40863083327776e-05,12,6,13.9104511403691,0.433043332648379
"102","PWY66.409..superpathway.of.purine.nucleotide.salvage.g","Streptococcus","Streptococcus_salivarius","strep_exposure","Y",1.29939822686679,0.123737590993524,1.01349549039333e-06,"strep_exposureY",2.65794160470799e-05,12,6,13.8021053206022,0.415012919943969
"103","PWY.6386..UDP.N.acetylmuramoyl.pentapeptide.biosynthesis.II..lysine.containing..g","Streptococcus","Streptococcus_equinus","strep_exposure","Y",1.35790433446215,0.131251518618773,1.1629760760649e-06,"strep_exposureY",3.02035048880932e-05,12,6,13.6645282555208,0.392117977920228
"104","ARO.PWY..chorismate.biosynthesis.I.g","Streptococcus","Streptococcus_pneumoniae","strep_exposure","Y",1.53303689897148,0.148401558967601,1.17914390464455e-06,"strep_exposureY",3.0328941778117e-05,12,6,13.650721887331,0.389820385664746
"105","PWY.6385..peptidoglycan.biosynthesis.III..mycobacteria..g","Streptococcus","Streptococcus_pneumoniae","strep_exposure","Y",1.40293586505556,0.136870567397951,1.26691990953246e-06,"strep_exposureY",3.22762929333269e-05,12,6,13.5789218713048,0.377871757430456
"106","PWY.1042..glycolysis.IV.g","Streptococcus","Streptococcus_salivarius","strep_exposure","Y",3.11810109416951,0.304521690179421,1.27921400357071e-06,"strep_exposureY",3.22820515052042e-05,12,7,13.569264728355,0.376264660144142
"107","PWY.8178..pentose.phosphate.pathway..non.oxidative.branch..II.g","Streptococcus","Streptococcus_salivarius","strep_exposure","Y",1.34207033437122,0.131913599817694,1.35695753518425e-06,"strep_exposureY",3.39239383796062e-05,12,6,13.5102654707594,0.366446275217155
"108","PWY.6151..S.adenosyl.L.methionine.salvage.I.g","Streptococcus","Streptococcus_salivarius","strep_exposure","Y",1.64813025634499,0.163675802211104,1.49175515375658e-06,"strep_exposureY",3.69485651509152e-05,12,6,13.4155571757109,0.350685356614759
"109","PWY.6125..superpathway.of.guanosine.nucleotides.de.novo.biosynthesis.II.g","Streptococcus","Streptococcus_salivarius","strep_exposure","Y",1.67164370615406,0.16628012438938,1.51409715861513e-06,"strep_exposureY",3.7157888984362e-05,12,6,13.4006912315502,0.348211434602509
"110","NONOXIPENT.PWY..pentose.phosphate.pathway..non.oxidative.branch..I.g","Streptococcus","Streptococcus_salivarius","strep_exposure","Y",1.37568737986726,0.137105942449036,1.54119484682811e-06,"strep_exposureY",3.74790565024108e-05,12,6,13.3829525678101,0.345259447818457
"111","PWY.7238..sucrose.biosynthesis.II.g","Streptococcus","Streptococcus_equinus","strep_exposure","Y",3.66899058669146,0.36702844019007,1.59469810139977e-06,"strep_exposureY",3.84307875787782e-05,12,7,13.3488261177621,0.339580281055721
"112","PWY.7953..UDP.N.acetylmuramoyl.pentapeptide.biosynthesis.III..meso.diaminopimelate.containing..g","Streptococcus","Streptococcus_pneumoniae","strep_exposure","Y",1.42038849277739,0.14236282694663,1.62308934125763e-06,"strep_exposureY",3.87657498916442e-05,12,6,13.3311792239613,0.336643566202628
"113","PWY.7199..pyrimidine.deoxyribonucleosides.salvage.g","Streptococcus","Streptococcus_salivarius","strep_exposure","Y",1.51323733228004,0.151817096658267,1.63767800402146e-06,"strep_exposureY",3.87680412456407e-05,12,6,13.322231170599,0.33515447234216
"114","PWY.6703..preQ0.biosynthesis.g","Streptococcus","Streptococcus_salivarius","strep_exposure","Y",1.81431816046359,0.183976423342137,1.80572412391462e-06,"strep_exposureY",4.23711581708036e-05,12,6,13.2245488699453,0.318898633413707
"115","PWY.8178..pentose.phosphate.pathway..non.oxidative.branch..II.g","Streptococcus","Streptococcus_equinus","strep_exposure","Y",1.89412552516357,0.192627762882271,1.85431358733175e-06,"strep_exposureY",4.31329464879342e-05,12,6,13.1979959641677,0.314479821034042
"116","PWY.6317..D.galactose.degradation.I..Leloir.pathway..g","Streptococcus","Streptococcus_vestibularis","strep_exposure","Y",1.70770995361373,0.174067260431007,1.89345911807199e-06,"strep_exposureY",4.36638201796773e-05,12,6,13.1771051805047,0.311003272958878
"117","UNINTEGRATED.g","Streptococcus","Streptococcus_equinus","strep_exposure","Y",5.74325273147559,0.586520330243144,1.92648716208375e-06,"strep_exposureY",4.40457534920856e-05,12,9,13.1598123367572,0.308125477486284
"118","PWY.6386..UDP.N.acetylmuramoyl.pentapeptide.biosynthesis.II..lysine.containing..g","Streptococcus","Streptococcus_salivarius","strep_exposure","Y",1.59869334670693,0.164633799480152,2.07914066350525e-06,"strep_exposureY",4.71330616514961e-05,12,6,13.0835558921635,0.295435230918833
"119","PWY.8178..pentose.phosphate.pathway..non.oxidative.branch..II.g","Streptococcus","Streptococcus_pneumoniae","strep_exposure","Y",1.31394597657353,0.136158768364085,2.20102260096898e-06,"strep_exposureY",4.94767685511934e-05,12,6,13.0265884869725,0.285954977518165
"120","PWY.6703..preQ0.biosynthesis.g","Streptococcus","Streptococcus_equinus","strep_exposure","Y",1.45663590745818,0.151784556347253,2.31502073447274e-06,"strep_exposureY",5.11791773943353e-05,12,6,12.9760919138905,0.277551570217501
"121","PWY.7197..pyrimidine.deoxyribonucleotide.phosphorylation.g","Streptococcus","Streptococcus_pneumoniae","strep_exposure","Y",1.84443164581995,0.192098777274217,2.304635651567e-06,"strep_exposureY",5.11791773943353e-05,12,6,12.9805879627443,0.27829978197637
"122","PWY.I9..L.cysteine.biosynthesis.VI..from.L.methionine..g","Streptococcus","Streptococcus_salivarius","strep_exposure","Y",1.33214641649634,0.140381727376514,2.5641400927915e-06,"strep_exposureY",5.62219241657152e-05,12,6,12.8738873820243,0.260543162382544
"123","PWY.4041...gamma..glutamyl.cycle.g","Streptococcus","Streptococcus_pneumoniae","strep_exposure","Y",3.08199391424205,0.32621503725566,2.66879404427153e-06,"strep_exposureY",5.8040846084767e-05,12,8,12.8338838563974,0.253885959749016
"124","ARO.PWY..chorismate.biosynthesis.I.g","Streptococcus","Streptococcus_salivarius","strep_exposure","Y",1.48625582586376,0.157622042352963,2.71667942735711e-06,"strep_exposureY",5.8605786033712e-05,12,6,12.816100222204,0.250926489189094
"125","PEPTIDOGLYCANSYN.PWY..peptidoglycan.biosynthesis.I..meso.diaminopimelate.containing..g","Streptococcus","Streptococcus_salivarius","strep_exposure","Y",1.43238268759582,0.152969151571971,2.89355101837578e-06,"strep_exposureY",6.19219917932417e-05,12,6,12.7530260840244,0.240429981388442
"126","PWY.3001..superpathway.of.L.isoleucine.biosynthesis.I.g","Streptococcus","Streptococcus_equinus","strep_exposure","Y",1.46466206406004,0.157041450506481,2.99998065575313e-06,"strep_exposureY",6.36900655090445e-05,12,6,12.7169047173992,0.234418829789788
"127","PWY.7851..coenzyme.A.biosynthesis.II..eukaryotic..g","Streptococcus","Streptococcus_equinus","strep_exposure","Y",1.65782950411447,0.178284784347254,3.08221297541936e-06,"strep_exposureY",6.49206276318644e-05,12,6,12.6898627204625,0.229918625110275
"128","VALSYN.PWY..L.valine.biosynthesis.g","Streptococcus","Streptococcus_salivarius","strep_exposure","Y",4.702693821164,0.511417400782846,3.40989398589858e-06,"strep_exposureY",7.12614563459275e-05,12,9,12.5888293563314,0.213105117619941
"129","NONOXIPENT.PWY..pentose.phosphate.pathway..non.oxidative.branch..I.g","Streptococcus","Streptococcus_pneumoniae","strep_exposure","Y",1.35824337663055,0.148550462239929,3.58929638363609e-06,"strep_exposureY",7.38566755863579e-05,12,6,12.5375543680894,0.204572170050711
"130","PWY.7238..sucrose.biosynthesis.II.g","Streptococcus","Streptococcus_pneumoniae","strep_exposure","Y",3.25814607418054,0.356230972763688,3.57922579586862e-06,"strep_exposureY",7.38566755863579e-05,12,7,12.5403640390761,0.205039742565846
"131","PWY.6385..peptidoglycan.biosynthesis.III..mycobacteria..g","Streptococcus","Streptococcus_equinus","strep_exposure","Y",1.36480010783317,0.149864887980085,3.72088823557025e-06,"strep_exposureY",7.59799696958047e-05,12,6,12.5015481451782,0.198580180139028
"132","BRANCHED.CHAIN.AA.SYN.PWY..superpathway.of.branched.chain.amino.acid.biosynthesis.g","Streptococcus","Streptococcus_salivarius","strep_exposure","Y",1.5314843000495,0.169703206394296,4.03815665310868e-06,"strep_exposureY",8.12185642636519e-05,12,6,12.4197222440989,0.184963090254583
"133","PEPTIDOGLYCANSYN.PWY..peptidoglycan.biosynthesis.I..meso.diaminopimelate.containing..g","Streptococcus","Streptococcus_equinus","strep_exposure","Y",1.39709541728339,0.154730432433517,4.01914328338821e-06,"strep_exposureY",8.12185642636519e-05,12,6,12.4244417916303,0.185748495634807
"134","NONOXIPENT.PWY..pentose.phosphate.pathway..non.oxidative.branch..I.g","Streptococcus","Streptococcus_equinus","strep_exposure","Y",2.08163337810933,0.238456349421872,5.43919778873375e-06,"strep_exposureY",0.000108581000633304,12,6,12.1218789732768,0.135397383836892
"135","PWY.1042..glycolysis.IV.g","Streptococcus","Streptococcus_equinus","strep_exposure","Y",2.77233999282837,0.319338963072821,5.71443565192298e-06,"strep_exposureY",0.000113230484214029,12,7,12.0725150141634,0.127182460940438
"136","HISTSYN.PWY..L.histidine.biosynthesis.g","Streptococcus","Streptococcus_pneumoniae","strep_exposure","Y",1.52601572196269,0.177680218676774,6.28991199416016e-06,"strep_exposureY",0.000123717019002783,12,6,11.9765634787393,0.111214647996301
"137","PWY66.429..fatty.acid.biosynthesis.initiation..mitochondria..g","Streptococcus","Streptococcus_salivarius","strep_exposure","Y",3.4999638662754,0.410290960743939,6.68154345925148e-06,"strep_exposureY",0.000130460793821151,12,8,11.9161615403311,0.101162835383786
"138","PWY.6126..superpathway.of.adenosine.nucleotides.de.novo.biosynthesis.II.g","Streptococcus","Streptococcus_salivarius","strep_exposure","Y",1.43805147190451,0.169186379821536,6.89864488073608e-06,"strep_exposureY",0.00013372373228963,12,6,11.8841855597451,0.0958415398521958
"139","PWY.I9..L.cysteine.biosynthesis.VI..from.L.methionine..g","Streptococcus","Streptococcus_equinus","strep_exposure","Y",1.52363949730127,0.189050196504529,1.10349924959346e-05,"strep_exposureY",0.000212364064220324,12,6,11.4144391982799,0.0176685122094955
"140","PWY.4041...gamma..glutamyl.cycle.g","Streptococcus","Streptococcus_equinus","strep_exposure","Y",3.44633134363739,0.428476772993438,1.1231847839638e-05,"strep_exposureY",0.000214608521221655,12,8,11.3967572578134,0.0147259650515937
"141","PWY.6936..seleno.amino.acid.biosynthesis..plants..g","Streptococcus","Streptococcus_salivarius","strep_exposure","Y",3.53577601813116,0.444872880986819,1.2468802683509e-05,"strep_exposureY",0.000236553526087848,12,8,11.2922808186392,-0.0026605231419367
"142","PWY.7953..UDP.N.acetylmuramoyl.pentapeptide.biosynthesis.III..meso.diaminopimelate.containing..g","Streptococcus","Streptococcus_equinus","strep_exposure","Y",1.49345236809213,0.189523434285342,1.34376772924583e-05,"strep_exposureY",0.00025313934336145,12,6,11.2174480583061,-0.0151138467267249
"143","COA.PWY.1..superpathway.of.coenzyme.A.biosynthesis.III..mammals..g","Streptococcus","Streptococcus_equinus","strep_exposure","Y",2.03562147660929,0.258825121065282,1.36657591626916e-05,"strep_exposureY",0.000255635704616784,12,6,11.2006171848627,-0.0179147632273533
"144","COA.PWY..coenzyme.A.biosynthesis.I..prokaryotic..g","Streptococcus","Streptococcus_pneumoniae","strep_exposure","Y",1.79680680226866,0.229893942735856,1.44314604063753e-05,"strep_exposureY",0.00026808442074343,12,6,11.1460999840365,-0.0269872648937795
"145","PWY.6700..queuosine.biosynthesis.I..de.novo..g","Streptococcus","Streptococcus_equinus","strep_exposure","Y",1.77453608560715,0.228021066915719,1.49807374583952e-05,"strep_exposureY",0.000276368777249704,12,6,11.1087453515545,-0.0332036509206668
"146","PWY.6317..D.galactose.degradation.I..Leloir.pathway..g","Streptococcus","Streptococcus_pneumoniae","strep_exposure","Y",2.0039884840792,0.262041730644179,1.74326246757661e-05,"strep_exposureY",0.000318680048946106,12,6,10.9571671259614,-0.0584286016416586
"147","PWY.7229..superpathway.of.adenosine.nucleotides.de.novo.biosynthesis.I.g","Streptococcus","Streptococcus_salivarius","strep_exposure","Y",1.51519505061963,0.198231704021956,1.75125111009636e-05,"strep_exposureY",0.000318680048946106,12,6,10.9525950124133,-0.0591894717368738
"148","THRESYN.PWY..superpathway.of.L.threonine.biosynthesis.g","Streptococcus","Streptococcus_equinus","strep_exposure","Y",1.44276751383254,0.190101566479043,1.86221668721749e-05,"strep_exposureY",0.000336583083669377,12,6,10.8911579195148,-0.0694135499957479
"149","TRNA.CHARGING.PWY..tRNA.charging.g","Streptococcus","Streptococcus_vestibularis","strep_exposure","Y",2.23853867620094,0.296032371519764,1.92186211735103e-05,"strep_exposureY",0.000345032292880134,12,6,10.8596308961469,-0.0746601321332803
"150","PWY.5941..glycogen.degradation.II.g","Streptococcus","Streptococcus_pneumoniae","strep_exposure","Y",2.13200518585192,0.285746499224624,2.15703409161344e-05,"strep_exposureY",0.000384671079671064,12,6,10.7441912925822,-0.0938710596908158
"151","PWY.5941..glycogen.degradation.II.g","Streptococcus","Streptococcus_equinus","strep_exposure","Y",1.80310698164951,0.249244415131396,2.81003543446981e-05,"strep_exposureY",0.000497804290543493,12,6,10.4797283715725,-0.137881761913341
"152","HSERMETANA.PWY..L.methionine.biosynthesis.III.g","Streptococcus","Streptococcus_equinus","strep_exposure","Y",3.6193783089689,0.502566472603546,2.91994571818232e-05,"strep_exposureY",0.000513872026061691,12,8,10.4413604385264,-0.14426677675677
"153","PWY.7199..pyrimidine.deoxyribonucleosides.salvage.g","Streptococcus","Streptococcus_vestibularis","strep_exposure","Y",2.59831782963242,0.362507888389808,3.04054683206706e-05,"strep_exposureY",0.000531598874233946,12,6,10.400888086759,-0.151001999279015
"154","PWY.5981..CDP.diacylglycerol.biosynthesis.III.g","Streptococcus","Streptococcus_equinus","strep_exposure","Y",3.06246357370843,0.430599732745729,3.24817322949885e-05,"strep_exposureY",0.000564211908370742,12,8,10.3348327098877,-0.161994631102703
"155","SER.GLYSYN.PWY..superpathway.of.L.serine.and.glycine.biosynthesis.I.g","Streptococcus","Streptococcus_pneumoniae","strep_exposure","Y",1.9516190384068,0.276066715237286,3.41832639934433e-05,"strep_exposureY",0.000589936975370715,12,6,10.2837743905867,-0.170491521623905
"156","PWY.7197..pyrimidine.deoxyribonucleotide.phosphorylation.g","Streptococcus","Streptococcus_salivarius","strep_exposure","Y",3.12941385511246,0.445521969785148,3.60904581872734e-05,"strep_exposureY",0.000618858818275361,12,6,10.2294820437051,-0.179526604131678
"157","PWY.7234..inosine.5..phosphate.biosynthesis.III.g","Streptococcus","Streptococcus_vestibularis","strep_exposure","Y",2.00160312747932,0.293164418556217,4.58268705812782e-05,"strep_exposureY",0.000780808145254262,12,6,9.99063994496735,-0.219273607021978
"158","PWY.3841..folate.transformations.II..plants..g","Streptococcus","Streptococcus_equinus","strep_exposure","Y",1.8570507940374,0.275931813193906,5.16786359293843e-05,"strep_exposureY",0.000874938931082931,12,6,9.87046609339353,-0.239272386345583
"159","PWY.6609..adenine.and.adenosine.salvage.III.g","Escherichia","Escherichia_coli","strep_exposure","Y",-2.92242578919747,0.441139314289977,5.89269651887348e-05,"strep_exposureY",0.000991381332577771,12,8,9.73921175901963,-0.261115128622989
"160","PWY.6124..inosine.5..phosphate.biosynthesis.II.g","Streptococcus","Streptococcus_vestibularis","strep_exposure","Y",2.00815643111832,0.304575359808814,6.12954563468424e-05,"strep_exposureY",0.00102478341079877,12,6,9.6998048393542,-0.267673046838066
"161","PWY.6936..seleno.amino.acid.biosynthesis..plants..g","Streptococcus","Streptococcus_pneumoniae","strep_exposure","Y",2.67646507417957,0.407863342452048,6.37440792704822e-05,"strep_exposureY",0.00105910193818969,12,7,9.66063425242733,-0.274191635646426
"162","PWY.7238..sucrose.biosynthesis.II.g","Streptococcus","Streptococcus_vestibularis","strep_exposure","Y",2.17508234856911,0.337916849745897,7.47316119558394e-05,"strep_exposureY",0.00123399420976463,12,6,9.50160736985675,-0.300656157581932
"163","PWY.6700..queuosine.biosynthesis.I..de.novo..g","Streptococcus","Streptococcus_salivarius","strep_exposure","Y",1.88096000357526,0.302457751022697,9.8978710447032e-05,"strep_exposureY",0.00162434386776571,12,6,9.22060577694496,-0.347419149469332
"164","PWY.7221..guanosine.ribonucleotides.de.novo.biosynthesis.g","Streptococcus","Streptococcus_equinus","strep_exposure","Y",2.19182890069842,0.361931441349845,0.000122641142797105,"strep_exposureY",0.0020003966889162,12,6,9.00624800513766,-0.383091583351843
"165","PWY.7199..pyrimidine.deoxyribonucleosides.salvage.g","Streptococcus","Streptococcus_equinus","strep_exposure","Y",1.80151422638676,0.306966449135709,0.000157558674857198,"strep_exposureY",0.00255436033480609,12,6,8.75571263029807,-0.42478452743707
"166","COBALSYN.PWY..superpathway.of.adenosylcobalamin.salvage.from.cobinamide.I.g","Faecalibacterium","Faecalibacterium_prausnitzii","strep_exposure","Y",1.40366503846423,0.244085408205425,0.000184987298496282,"strep_exposureY",0.00298097002094913,12,8,8.59522339201979,-0.451492407879506
"167","PWY.7851..coenzyme.A.biosynthesis.II..eukaryotic..g","Alistipes","Alistipes_putredinis","strep_exposure","Y",1.20368428514679,0.211633139727405,0.000201719484353135,"strep_exposureY",0.0032311354529619,12,7,8.50863251700958,-0.465902462796512
"168","PWY.7234..inosine.5..phosphate.biosynthesis.III.unclassified",NA,NA,"strep_exposure","Y",-1.43093991401806,0.258719348639556,0.000250716300965948,"strep_exposureY",0.003992060149309,12,7,8.29118853311111,-0.502088489892097
"169","P41.PWY..pyruvate.fermentation.to.acetate.and..S..lactate.I.g","Streptococcus","Streptococcus_vestibularis","strep_exposure","Y",2.59246717732795,0.47204677240981,0.000264754395948871,"strep_exposureY",0.00416598828919547,12,6,8.23670796947001,-0.511154894566783
"170","PWY.5100..pyruvate.fermentation.to.acetate.and.lactate.II.g","Streptococcus","Streptococcus_vestibularis","strep_exposure","Y",2.59246717732795,0.47204677240981,0.000264754395948871,"strep_exposureY",0.00416598828919547,12,6,8.23670796947001,-0.511154894566783
"171","THRESYN.PWY..superpathway.of.L.threonine.biosynthesis.g","Streptococcus","Streptococcus_pneumoniae","strep_exposure","Y",2.3281102197358,0.441111213316282,0.000358758190451925,"strep_exposureY",0.00561215297929181,12,7,7.93286196062304,-0.561719549021215
"172","PWY.6122..5.aminoimidazole.ribonucleotide.biosynthesis.II.g","Streptococcus","Streptococcus_vestibularis","strep_exposure","Y",2.81027934559104,0.559971853451601,0.000522809134439391,"strep_exposureY",0.0080838984660426,12,7,7.55629410421805,-0.624386238671086
"173","PWY.6277..superpathway.of.5.aminoimidazole.ribonucleotide.biosynthesis.g","Streptococcus","Streptococcus_vestibularis","strep_exposure","Y",2.81027934559104,0.559971853451601,0.000522809134439391,"strep_exposureY",0.0080838984660426,12,7,7.55629410421805,-0.624386238671086
"174","PWY.702..L.methionine.biosynthesis.II.g","Streptococcus","Streptococcus_pneumoniae","strep_exposure","Y",2.44781711634297,0.491648617932231,0.000554412068116464,"strep_exposureY",0.00852328897822725,12,7,7.49760234243866,-0.634153451559478
"175","PWY.1042..glycolysis.IV.g","Streptococcus","Streptococcus_vestibularis","strep_exposure","Y",2.11627958491138,0.425679256468781,0.000560389670694414,"strep_exposureY",0.00856595639490033,12,6,7.48687817569411,-0.63593811803513
"176","PWY.5667..CDP.diacylglycerol.biosynthesis.I.g","Streptococcus","Streptococcus_equinus","strep_exposure","Y",2.5803417194378,0.533290756026684,0.000683000126886584,"strep_exposureY",0.0103221770588792,12,8,7.28901551261519,-0.668865511835645
"177","PWY0.1319..CDP.diacylglycerol.biosynthesis.II.g","Streptococcus","Streptococcus_equinus","strep_exposure","Y",2.5803417194378,0.533290756026684,0.000683000126886584,"strep_exposureY",0.0103221770588792,12,8,7.28901551261519,-0.668865511835645
"178","PWY.7221..guanosine.ribonucleotides.de.novo.biosynthesis.g","Bifidobacterium","Bifidobacterium_catenulatum","strep_exposure","Y",1.13562732518461,0.243631492519612,0.000892614137715694,"strep_exposureY",0.0134142854965701,12,5,7.02135616709138,-0.713408148315453
"179","PWY0.1297..superpathway.of.purine.deoxyribonucleosides.degradation.g","Streptococcus","Streptococcus_pneumoniae","strep_exposure","Y",1.09745072028114,0.240140153581788,0.00102619149257148,"strep_exposureY",0.0153355432549091,12,5,6.8819009097154,-0.736615650457178
"180","PWY.3001..superpathway.of.L.isoleucine.biosynthesis.I.g","Streptococcus","Streptococcus_salivarius","strep_exposure","Y",1.06760599815035,0.235077463413529,0.00107221516960313,"strep_exposureY",0.0159343087704909,12,5,6.83802851856131,-0.743916691886732
"181","PWY.7221..guanosine.ribonucleotides.de.novo.biosynthesis.g","Streptococcus","Streptococcus_vestibularis","strep_exposure","Y",1.21661880861615,0.276004058563215,0.00131857703813759,"strep_exposureY",0.0194872573315914,12,5,6.63120212525621,-0.778335788419266
"182","PWY.7234..inosine.5..phosphate.biosynthesis.III.g","Streptococcus","Streptococcus_equinus","strep_exposure","Y",2.83464757483615,0.650089020196802,0.0014202645317533,"strep_exposureY",0.0208747671562641,12,6,6.55691213475168,-0.790698786747069
"183","PWY.7229..superpathway.of.adenosine.nucleotides.de.novo.biosynthesis.I.g","Streptococcus","Streptococcus_vestibularis","strep_exposure","Y",1.27956151775831,0.294724975166693,0.00146282897726414,"strep_exposureY",0.0213828825911562,12,5,6.52738306243478,-0.795612879065509
"184","UNINTEGRATED.g","Bifidobacterium","Bifidobacterium_longum","strep_exposure","Y",-0.502525440984163,0.116726733659237,0.00154885745276648,"strep_exposureY",0.0225173569899475,12,12,6.47023774711028,-0.805122739451822
"185","P108.PWY..pyruvate.fermentation.to.propanoate.I.unclassified",NA,NA,"strep_exposure","Y",1.2198066895932,0.284863003616125,0.00160611507858227,"strep_exposureY",0.0230986980387504,12,5,6.43393701061854,-0.811163740958182
"186","PWY.7234..inosine.5..phosphate.biosynthesis.III.g","Streptococcus","Streptococcus_salivarius","strep_exposure","Y",2.74919368908782,0.641742079225532,0.00160138419402377,"strep_exposureY",0.0230986980387504,12,6,6.43688690247326,-0.810672833531498
"187","PWY.6124..inosine.5..phosphate.biosynthesis.II.g","Streptococcus","Streptococcus_salivarius","strep_exposure","Y",2.77598963578893,0.650027061343579,0.00163551306749651,"strep_exposureY",0.0233957083184662,12,6,6.41579872110854,-0.814182231623727
"188","PWY.5941..glycogen.degradation.II.g","Streptococcus","Streptococcus_vestibularis","strep_exposure","Y",1.35293457090897,0.319903292194497,0.00174600590374497,"strep_exposureY",0.0248434350665839,12,5,6.35042444027321,-0.825061518579609
"189","COA.PWY.1..superpathway.of.coenzyme.A.biosynthesis.III..mammals..g","Streptococcus","Streptococcus_pneumoniae","strep_exposure","Y",1.24189513910122,0.296254354830812,0.00185209634172839,"strep_exposureY",0.02621353287896,12,5,6.29143712373946,-0.834877916330042
"190","PWY.7851..coenzyme.A.biosynthesis.II..eukaryotic..g","Streptococcus","Streptococcus_pneumoniae","strep_exposure","Y",1.25489795299983,0.300742309292689,0.00190984287710645,"strep_exposureY",0.0268885773487355,12,5,6.26073430360246,-0.839987338358968
"191","PWY.7228..superpathway.of.guanosine.nucleotides.de.novo.biosynthesis.I.g","Streptococcus","Streptococcus_vestibularis","strep_exposure","Y",1.37113313043591,0.329796084415208,0.00195644980819202,"strep_exposureY",0.0274005405074013,12,5,6.23662377051866,-0.843999702315042
"192","PWY.5941..glycogen.degradation.II.g","Bifidobacterium","Bifidobacterium_longum","strep_exposure","Y",-0.547002768664787,0.131833027551532,0.00198251744829153,"strep_exposureY",0.0276210113238533,12,12,6.22338780333812,-0.846202371059627
"193","PWY.6126..superpathway.of.adenosine.nucleotides.de.novo.biosynthesis.II.g","Streptococcus","Streptococcus_vestibularis","strep_exposure","Y",1.28198101415354,0.30985923618765,0.00202051377167366,"strep_exposureY",0.0280045302550624,12,5,6.20440345749587,-0.849361658526327
"194","PWY.6630..superpathway.of.L.tyrosine.biosynthesis.g","Streptococcus","Streptococcus_salivarius","strep_exposure","Y",1.64865717384927,0.399136684654965,0.00204237065346274,"strep_exposureY",0.0281615541134682,12,5,6.19364406079341,-0.851152187809441
"195","PWY66.429..fatty.acid.biosynthesis.initiation..mitochondria..g","Streptococcus","Streptococcus_pneumoniae","strep_exposure","Y",2.14138164152638,0.524782029352246,0.00221254224512733,"strep_exposureY",0.0303515410549518,12,8,6.11361308742161,-0.864470574085283
"196","PWY.7197..pyrimidine.deoxyribonucleotide.phosphorylation.g","Streptococcus","Streptococcus_vestibularis","strep_exposure","Y",1.78996384533423,0.441109737116821,0.00229441047213877,"strep_exposureY",0.0313140204743429,12,5,6.0772793433527,-0.870517068560732
"197","PWY.6628..superpathway.of.L.phenylalanine.biosynthesis.g","Streptococcus","Streptococcus_salivarius","strep_exposure","Y",1.67806651955825,0.416107639840962,0.00238883912523357,"strep_exposureY",0.03243728253807,12,5,6.03694775269929,-0.877228866266176
"198","GLUTORN.PWY..L.ornithine.biosynthesis.I.g","Streptococcus","Streptococcus_vestibularis","strep_exposure","Y",1.96382138196408,0.493705895283578,0.00261058485789883,"strep_exposureY",0.0350920326375848,12,5,5.94818099926435,-0.892001020856959
"199","P125.PWY..superpathway.of..R.R..butanediol.biosynthesis.g","Streptococcus","Streptococcus_equinus","strep_exposure","Y",1.34736669029879,0.338681072459222,0.00260822098015836,"strep_exposureY",0.0350920326375848,12,5,5.94908690685144,-0.891850263885416
"200","COMPLETE.ARO.PWY..superpathway.of.aromatic.amino.acid.biosynthesis.g","Streptococcus","Streptococcus_salivarius","strep_exposure","Y",1.57454796520278,0.39921027876283,0.00275624774779697,"strep_exposureY",0.0368648136267845,12,5,5.89388503589527,-0.901036705203929
"201","PWY0.1296..purine.ribonucleosides.degradation.g","Escherichia","Escherichia_coli","strep_exposure","Y",-2.32188703197806,0.591362322909981,0.00283704156627892,"strep_exposureY",0.0377566477104284,12,9,5.86499347177212,-0.905844706342659
"202","GLYCOGENSYNTH.PWY..glycogen.biosynthesis.I..from.ADP.D.Glucose..g","Streptococcus","Streptococcus_vestibularis","strep_exposure","Y",1.46312796433385,0.37543740137306,0.00297486151647271,"strep_exposureY",0.039394824537448,12,5,5.81755779015279,-0.913738734172724
"203","VALSYN.PWY..L.valine.biosynthesis.g","Streptococcus","Streptococcus_vestibularis","strep_exposure","Y",3.03373844718899,0.782056413589258,0.00306301443975687,"strep_exposureY",0.040362382395811,12,6,5.78835573688963,-0.918598405485225
"204","PWY.702..L.methionine.biosynthesis.II.g","Streptococcus","Streptococcus_vestibularis","strep_exposure","Y",2.20415162117922,0.570747168346153,0.00315062951227852,"strep_exposureY",0.0413134016928679,12,6,5.7601530009432,-0.923291775008862
"205","PWY.5686..UMP.biosynthesis.I.g","Streptococcus","Streptococcus_pneumoniae","strep_exposure","Y",1.27218533744052,0.338019407076943,0.00369993645381276,"strep_exposureY",0.0478131884731843,12,6,5.59943963412464,-0.950036953891503
"206","PWY.7790..UMP.biosynthesis.II.g","Streptococcus","Streptococcus_pneumoniae","strep_exposure","Y",1.27218533744052,0.338019407076943,0.00369993645381276,"strep_exposureY",0.0478131884731843,12,6,5.59943963412464,-0.950036953891503
"207","PWY.7791..UMP.biosynthesis.III.g","Streptococcus","Streptococcus_pneumoniae","strep_exposure","Y",1.27218533744052,0.338019407076943,0.00369993645381276,"strep_exposureY",0.0478131884731843,12,6,5.59943963412464,-0.950036953891503
"208","DTDPRHAMSYN.PWY..dTDP..beta..L.rhamnose.biosynthesis.g","Escherichia","Escherichia_coli","strep_exposure","Y",-1.82329437880618,0.497629347483444,0.00436043274425085,"strep_exposureY",0.0558458197245134,12,10,5.43518397327793,-0.977371625044223
"209","PWY.4041...gamma..glutamyl.cycle.g","Bifidobacterium","Bifidobacterium_longum","strep_exposure","Y",-0.641698626832543,0.175156845272012,0.00436328086819562,"strep_exposureY",0.0558458197245134,12,12,5.43453101189646,-0.977480287872316
"210","PWY.7220..adenosine.deoxyribonucleotides.de.novo.biosynthesis.II.g","Streptococcus","Streptococcus_vestibularis","strep_exposure","Y",1.58809762641785,0.437545374609236,0.00461592583352784,"strep_exposureY",0.0585194388847724,12,5,5.37824281716542,-0.986847510194043
"211","PWY.7222..guanosine.deoxyribonucleotides.de.novo.biosynthesis.II.g","Streptococcus","Streptococcus_vestibularis","strep_exposure","Y",1.58809762641785,0.437545374609236,0.00461592583352784,"strep_exposureY",0.0585194388847724,12,5,5.37824281716542,-0.986847510194043
"212","PWY.7221..guanosine.ribonucleotides.de.novo.biosynthesis.g","Alistipes","Alistipes_putredinis","strep_exposure","Y",1.10149262792798,0.307113977024961,0.0049570872029819,"strep_exposureY",0.0625481522074367,12,6,5.30693696821183,-0.998713901418336
"213","PWY.702..L.methionine.biosynthesis.II.g","Bifidobacterium","Bifidobacterium_longum","strep_exposure","Y",-0.672256603293823,0.191683831399069,0.00565888338664657,"strep_exposureY",0.0710681364285426,12,12,5.17452868774081,-1.02074867809462
"214","PWY.6151..S.adenosyl.L.methionine.salvage.I.g","Bifidobacterium","Bifidobacterium_longum","strep_exposure","Y",-0.58743542726601,0.171356665387638,0.00645855720385684,"strep_exposureY",0.0807319650482105,12,12,5.04234932918862,-1.0427453586387
"215","ARGSYN.PWY..L.arginine.biosynthesis.I..via.L.ornithine..g","Lachnospiraceae_unclassified","Eubacterium_rectale","strep_exposure","Y",0.767172798145113,0.226079637573352,0.00684689042624227,"strep_exposureY",0.0851880553032468,12,11,4.98396068214897,-1.05246212856708
"216","VALSYN.PWY..L.valine.biosynthesis.g","Coprococcus","Coprococcus_eutactus","strep_exposure","Y",1.10841955196808,0.327088244441673,0.00690034833954155,"strep_exposureY",0.0854557028160817,12,10,4.97618338466167,-1.0537563906228
"217","UNINTEGRATED.g","Lachnospiraceae_unclassified","Eubacterium_rectale","strep_exposure","Y",0.318110563943896,0.0961584506998342,0.00790341706458033,"strep_exposureY",0.0974269154274303,12,12,4.84046007320725,-1.07634283949915
"218","GLYCOGENSYNTH.PWY..glycogen.biosynthesis.I..from.ADP.D.Glucose..g","Bifidobacterium","Bifidobacterium_longum","strep_exposure","Y",-0.599043710780179,0.181372662248888,0.00797524219319268,"strep_exposureY",0.0978613434256442,12,12,4.83141326171998,-1.07784836823228
"219","PWY.5384..sucrose.degradation.IV..sucrose.phosphorylase..g","Bifidobacterium","Bifidobacterium_longum","strep_exposure","Y",-0.415225468558075,0.126344267408633,0.00819891732362245,"strep_exposureY",0.100146592879863,12,12,4.80375316713373,-1.08245143387807
"220","UNINTEGRATED.g","Lactobacillus","Lactobacillus_acidophilus","strep_exposure","Y",-0.767205174092703,0.236148865171222,0.00873793015724902,"strep_exposureY",0.106245287139278,12,12,4.74008194147534,-1.09304730622908
"221","PWY.6608..guanosine.nucleotides.degradation.III.g","Escherichia","Escherichia_coli","strep_exposure","Y",-1.82848340674101,0.564283590329497,0.00886397206297847,"strep_exposureY",0.107290159585825,12,10,4.72576030072197,-1.09543064777324
"222","GLYCOGENSYNTH.PWY..glycogen.biosynthesis.I..from.ADP.D.Glucose..g","Blautia","Blautia_obeum","strep_exposure","Y",0.500098875791805,0.159070238550403,0.0104409213254353,"strep_exposureY",0.125808398853781,12,12,4.56202245085864,-1.12267914720514
"223","UDPNAGSYN.PWY..UDP.N.acetyl.D.glucosamine.biosynthesis.I.g","Lactobacillus","Lactobacillus_acidophilus","strep_exposure","Y",-1.14183649769994,0.36415703071062,0.0105898336438358,"strep_exposureY",0.127030515682783,12,11,4.54786082828958,-1.1250358592595
"224","PWY.6121..5.aminoimidazole.ribonucleotide.biosynthesis.I.g","Streptococcus","Streptococcus_vestibularis","strep_exposure","Y",2.14648210958334,0.685164227025902,0.0106396963680143,"strep_exposureY",0.127058874037671,12,6,4.54316333231658,-1.12581759492085
"225","VALSYN.PWY..L.valine.biosynthesis.g","Bifidobacterium","Bifidobacterium_longum","strep_exposure","Y",-0.386732236872149,0.125157613236774,0.0114447136079889,"strep_exposureY",0.136064928450535,12,12,4.47022734922063,-1.13795526556704
"226","PWY.5384..sucrose.degradation.IV..sucrose.phosphorylase..g","Streptococcus","Streptococcus_thermophilus","strep_exposure","Y",0.929132502379802,0.306253825436623,0.0125937878416365,"strep_exposureY",0.148443179582645,12,4,4.37455161504474,-1.15387718093672
"227","PWY.7238..sucrose.biosynthesis.II.g","Dorea","Dorea_longicatena","strep_exposure","Y",0.964778214415365,0.318018082849958,0.0125968604729945,"strep_exposureY",0.148443179582645,12,9,4.37430766488237,-1.15391777800005
"228","ARO.PWY..chorismate.biosynthesis.I.g","Streptococcus","Streptococcus_vestibularis","strep_exposure","Y",0.850228206021457,0.28148801141479,0.0128849519020211,"strep_exposureY",0.151172133060993,12,4,4.35169516775081,-1.15768084570711
"229","COA.PWY.1..superpathway.of.coenzyme.A.biosynthesis.III..mammals..g","Alistipes","Alistipes_putredinis","strep_exposure","Y",0.833465610375336,0.276662831457449,0.0130601946370503,"strep_exposureY",0.151474408483985,12,6,4.33818625194856,-1.15992893730517
"230","PWY.6151..S.adenosyl.L.methionine.salvage.I.g","Streptococcus","Streptococcus_vestibularis","strep_exposure","Y",0.945466099868754,0.313935790255041,0.0130805937793647,"strep_exposureY",0.151474408483985,12,4,4.33662553800755,-1.16018866413663
"231","PWY.7238..sucrose.biosynthesis.II.g","Bifidobacterium","Bifidobacterium_longum","strep_exposure","Y",-0.440516682373381,0.146184583591513,0.0130410302056739,"strep_exposureY",0.151474408483985,12,12,4.33965472210164,-1.15968456126038
"232","PWY.6317..D.galactose.degradation.I..Leloir.pathway..g","Streptococcus","Streptococcus_thermophilus","strep_exposure","Y",0.955028624865245,0.317584085141045,0.0131812351518507,"strep_exposureY",0.151981913927589,12,4,4.3289610401977,-1.16146415458916
"233","PWY.6163..chorismate.biosynthesis.from.3.dehydroquinate.g","Streptococcus","Streptococcus_vestibularis","strep_exposure","Y",0.876405387524247,0.291783774945976,0.0132615444055558,"strep_exposureY",0.152251636415715,12,4,4.32288682999942,-1.16247499669607
"234","COA.PWY..coenzyme.A.biosynthesis.I..prokaryotic..g","Alistipes","Alistipes_putredinis","strep_exposure","Y",0.992180751491665,0.33075499773293,0.0133494636374709,"strep_exposureY",0.152606047992456,12,9,4.31627907191146,-1.16357462938732
"235","COA.PWY..coenzyme.A.biosynthesis.I..prokaryotic..g","Streptococcus","Streptococcus_salivarius","strep_exposure","Y",0.906228892619882,0.303616031681099,0.0136951734803961,"strep_exposureY",0.153926844790166,12,4,4.29071180892155,-1.16782941563032
"236","PWY4FS.7..phosphatidylglycerol.biosynthesis.I..plastidic..g","Streptococcus","Streptococcus_equinus","strep_exposure","Y",1.66447688215256,0.557516299950759,0.0136779669465538,"strep_exposureY",0.153926844790166,12,5,4.29196899285003,-1.16762020086666
"237","PWY4FS.8..phosphatidylglycerol.biosynthesis.II..non.plastidic..g","Streptococcus","Streptococcus_equinus","strep_exposure","Y",1.66447688215256,0.557516299950759,0.0136779669465538,"strep_exposureY",0.153926844790166,12,5,4.29196899285003,-1.16762020086666
"238","UDPNAGSYN.PWY..UDP.N.acetyl.D.glucosamine.biosynthesis.I.g","Streptococcus","Streptococcus_pneumoniae","strep_exposure","Y",2.28540824386371,0.764162218905093,0.0135565689795807,"strep_exposureY",0.153926844790166,12,5,4.30088405359081,-1.16613659748642
"239","HISTSYN.PWY..L.histidine.biosynthesis.g","Streptococcus","Streptococcus_salivarius","strep_exposure","Y",0.966144153997849,0.324364239807532,0.0138413019320925,"strep_exposureY",0.154872104692141,12,4,4.28009826297904,-1.16959567310119
"240","PWY.6700..queuosine.biosynthesis.I..de.novo..g","Bacteroides","Bacteroides_xylanisolvens","strep_exposure","Y",0.962221904182266,0.323293527523973,0.013895067336865,"strep_exposureY",0.154872104692141,12,9,4.27622136967743,-1.17024084784249
"241","PWY.7111..pyruvate.fermentation.to.isobutanol..engineered..g","Streptococcus","Streptococcus_thermophilus","strep_exposure","Y",0.978170079400673,0.330650421283605,0.0143292152146068,"strep_exposureY",0.159048343149681,12,4,4.24545480384712,-1.17536087813633
"242","PWY.5103..L.isoleucine.biosynthesis.III.g","Coprococcus","Coprococcus_eutactus","strep_exposure","Y",1.0512349244187,0.358184897346952,0.014915276454305,"strep_exposureY",0.164869274856471,12,7,4.20536932586672,-1.18203171890337
"243","PWY.6124..inosine.5..phosphate.biosynthesis.II.g","Bacteroides","Bacteroides_caccae","strep_exposure","Y",1.53177206911343,0.52492563620482,0.0153510020459693,"strep_exposureY",0.16829479702036,12,6,4.17657452721186,-1.18682361677819
"244","PWY.6125..superpathway.of.guanosine.nucleotides.de.novo.biosynthesis.II.g","Streptococcus","Streptococcus_vestibularis","strep_exposure","Y",0.913363529481312,0.312806705623335,0.0153031578478007,"strep_exposureY",0.16829479702036,12,4,4.17969607659923,-1.18630414289491
"245","PWY.6700..queuosine.biosynthesis.I..de.novo..g","Akkermansia","Akkermansia_muciniphila","strep_exposure","Y",1.06376038160048,0.366762306421932,0.0158225338774911,"strep_exposureY",0.172756237233831,12,4,4.14632016022113,-1.19185840929836
"246","PWY.7220..adenosine.deoxyribonucleotides.de.novo.biosynthesis.II.g","Streptococcus","Streptococcus_thermophilus","strep_exposure","Y",2.72954371176007,0.943219443889097,0.0160010488098474,"strep_exposureY",0.173290710794906,12,5,4.13510100827524,-1.19372544893323
"247","PWY.7222..guanosine.deoxyribonucleotides.de.novo.biosynthesis.II.g","Streptococcus","Streptococcus_thermophilus","strep_exposure","Y",2.72954371176007,0.943219443889097,0.0160010488098474,"strep_exposureY",0.173290710794906,12,5,4.13510100827524,-1.19372544893323
"248","P164.PWY..purine.nucleobases.degradation.I..anaerobic..unclassified",NA,NA,"strep_exposure","Y",1.16126845763635,0.401767919490524,0.0160962431377039,"strep_exposureY",0.173618751586121,12,4,4.12916937970524,-1.19471256326174
"249","P125.PWY..superpathway.of..R.R..butanediol.biosynthesis.g","Streptococcus","Streptococcus_salivarius","strep_exposure","Y",1.02505016819303,0.35524952887684,0.0162335836391514,"strep_exposureY",0.174396932669599,12,4,4.120673118431,-1.19612647196213
"250","COA.PWY..coenzyme.A.biosynthesis.I..prokaryotic..g","Faecalibacterium","Faecalibacterium_prausnitzii","strep_exposure","Y",0.942833112768347,0.328127881862809,0.0165727215232238,"strep_exposureY",0.175580807695875,12,4,4.09999721702156,-1.19956726032157
"251","ILEUSYN.PWY..L.isoleucine.biosynthesis.I..from.threonine..g","Coprococcus","Coprococcus_eutactus","strep_exposure","Y",1.04230143354475,0.362894492546768,0.0166063343353482,"strep_exposureY",0.175580807695875,12,7,4.09797106993848,-1.19990444239455
"252","PWY.I9..L.cysteine.biosynthesis.VI..from.L.methionine..g","Bifidobacterium","Bifidobacterium_longum","strep_exposure","Y",-0.546585204480072,0.190023314967965,0.0164865989803641,"strep_exposureY",0.175580807695875,12,12,4.10520741108315,-1.19870020380381
"253","PWY0.1297..superpathway.of.purine.deoxyribonucleosides.degradation.g","Streptococcus","Streptococcus_equinus","strep_exposure","Y",0.868504732435828,0.301910729092971,0.0164786179265946,"strep_exposureY",0.175580807695875,12,4,4.10569162169508,-1.19861962370217
"254","PWY.7111..pyruvate.fermentation.to.isobutanol..engineered..g","Coprococcus","Coprococcus_eutactus","strep_exposure","Y",0.830334066801077,0.291609556050974,0.0173266426356699,"strep_exposureY",0.182475468702429,12,10,4.05550992537496,-1.20697063066123
"255","VALSYN.PWY..L.valine.biosynthesis.g","Streptococcus","Streptococcus_thermophilus","strep_exposure","Y",2.0600289901114,0.725273105389308,0.0175378876058754,"strep_exposureY",0.183975879787124,12,5,4.04339173225109,-1.20898728459145
"256","PWY.6121..5.aminoimidazole.ribonucleotide.biosynthesis.I.g","Streptococcus","Streptococcus_thermophilus","strep_exposure","Y",2.26595672002778,0.799994943830035,0.0177766389703537,"strep_exposureY",0.185751989241,12,5,4.02987010105393,-1.21123749222702
"257","PWY.6122..5.aminoimidazole.ribonucleotide.biosynthesis.II.g","Streptococcus","Streptococcus_thermophilus","strep_exposure","Y",2.26864912233582,0.804762638494693,0.0181909806711714,"strep_exposureY",0.188608036028618,12,5,4.00682937525161,-1.2150718237787
"258","PWY.6277..superpathway.of.5.aminoimidazole.ribonucleotide.biosynthesis.g","Streptococcus","Streptococcus_thermophilus","strep_exposure","Y",2.26864912233582,0.804762638494693,0.0181909806711714,"strep_exposureY",0.188608036028618,12,5,4.00682937525161,-1.2150718237787
"259","PWY.6123..inosine.5..phosphate.biosynthesis.I.g","Streptococcus","Streptococcus_thermophilus","strep_exposure","Y",2.23987893597227,0.800224388500507,0.0188247655624053,"strep_exposureY",0.194425667488163,12,5,3.97258195889801,-1.22077112119731
"260","PWY.6151..S.adenosyl.L.methionine.salvage.I.g","Streptococcus","Streptococcus_thermophilus","strep_exposure","Y",1.78906319484493,0.643127832026927,0.0193901490057091,"strep_exposureY",0.199494802270276,12,5,3.94299012508928,-1.22569565799438
"261","ASPASN.PWY..superpathway.of.L.aspartate.and.L.asparagine.biosynthesis.g","Blautia","Ruminococcus_torques","strep_exposure","Y",0.940712536223933,0.338907148762309,0.019593912564592,"strep_exposureY",0.200818835671585,12,10,3.93253634442587,-1.22743532806276
"262","PWY.7238..sucrose.biosynthesis.II.g","Coprococcus","Coprococcus_eutactus","strep_exposure","Y",0.860821916839339,0.310750451701851,0.0197825837244853,"strep_exposureY",0.2019786697061,12,6,3.9229533382399,-1.22903008785002
"263","THRESYN.PWY..superpathway.of.L.threonine.biosynthesis.g","Streptococcus","Streptococcus_vestibularis","strep_exposure","Y",1.33014040009756,0.483030419997169,0.0203472074528731,"strep_exposureY",0.206953535879983,12,4,3.89481160241291,-1.23371330601451
"264","PWY.7220..adenosine.deoxyribonucleotides.de.novo.biosynthesis.II.g","Bacteroides","Bacteroides_xylanisolvens","strep_exposure","Y",1.1092344196246,0.404298321273156,0.0207042889143688,"strep_exposureY",0.20899612394693,12,6,3.87741440624165,-1.23660846733723
"265","PWY.7222..guanosine.deoxyribonucleotides.de.novo.biosynthesis.II.g","Bacteroides","Bacteroides_xylanisolvens","strep_exposure","Y",1.1092344196246,0.404298321273156,0.0207042889143688,"strep_exposureY",0.20899612394693,12,6,3.87741440624165,-1.23660846733723
"266","HSERMETANA.PWY..L.methionine.biosynthesis.III.g","Streptococcus","Streptococcus_vestibularis","strep_exposure","Y",0.968181584023231,0.353208901343359,0.0207933878147687,"strep_exposureY",0.209106437610925,12,4,3.87312023633446,-1.23732308333087
"267","PWY.7199..pyrimidine.deoxyribonucleosides.salvage.g","Streptococcus","Streptococcus_pneumoniae","strep_exposure","Y",1.04353648319926,0.38203306508632,0.0211376633855969,"strep_exposureY",0.211772470248957,12,4,3.85669883513164,-1.24005585734567
"268","PWY.6527..stachyose.degradation.g","Blautia","Ruminococcus_torques","strep_exposure","Y",0.709847345204088,0.260733628978833,0.0214679999034512,"strep_exposureY",0.214279476648253,12,11,3.84119182916489,-1.24263646191345
"269","COA.PWY..coenzyme.A.biosynthesis.I..prokaryotic..g","Bacteroides","Bacteroides_caccae","strep_exposure","Y",1.30010884932088,0.482274439507016,0.0224753444460075,"strep_exposureY",0.223500172464944,12,4,3.79533637300185,-1.25026751589547
"270","ARGSYNBSUB.PWY..L.arginine.biosynthesis.II..acetyl.cycle..g","Streptococcus","Streptococcus_vestibularis","strep_exposure","Y",1.47861266294935,0.549278576488964,0.0226251009712281,"strep_exposureY",0.223889125240754,12,4,3.78869532658939,-1.2513726882765
"271","PWY.7228..superpathway.of.guanosine.nucleotides.de.novo.biosynthesis.I.g","Streptococcus","Streptococcus_thermophilus","strep_exposure","Y",1.108839890745,0.412137935452919,0.0226818515664464,"strep_exposureY",0.223889125240754,12,4,3.78619016472264,-1.25178958578529
"272","PWY.2942..L.lysine.biosynthesis.III.g","Streptococcus","Streptococcus_equinus","strep_exposure","Y",0.918616780999024,0.343889449932699,0.0234419491067567,"strep_exposureY",0.229696754068037,12,4,3.75322816471172,-1.2572749701318
"273","PWY3O.4107..NAD.salvage.pathway.V..PNC.V.cycle..g","Bifidobacterium","Bifidobacterium_bifidum","strep_exposure","Y",-0.875740328491424,0.327605192230971,0.0233655547353504,"strep_exposureY",0.229696754068037,12,11,3.75649236096092,-1.25673175761425
"274","UNINTEGRATED.g","Coprococcus","Coprococcus_eutactus","strep_exposure","Y",0.81102977186838,0.304409542594344,0.0237246808889394,"strep_exposureY",0.231618691160266,12,11,3.74123938499011,-1.25927008767918
"275","PWY.6700..queuosine.biosynthesis.I..de.novo..g","Blautia","Blautia_obeum","strep_exposure","Y",1.02975167187521,0.388523655453087,0.0242954483447745,"strep_exposureY",0.236328452080988,12,9,3.71746625709515,-1.26322630221651
"276","PWY.5941..glycogen.degradation.II.g","Dorea","Dorea_longicatena","strep_exposure","Y",0.959018620387201,0.362383264040286,0.0244628813752882,"strep_exposureY",0.237094955358319,12,9,3.71059835618062,-1.26436922667976
"277","PWY.1861..formaldehyde.assimilation.II..assimilatory.RuMP.Cycle..g","Escherichia","Escherichia_coli","strep_exposure","Y",-1.11468580572994,0.421606360410934,0.0245688820540411,"strep_exposureY",0.237262669655451,12,4,3.70627459393025,-1.26508876729496
"278","THRESYN.PWY..superpathway.of.L.threonine.biosynthesis.g","Bifidobacterium","Bifidobacterium_longum","strep_exposure","Y",-0.499429011851661,0.189380262315259,0.0248541646804395,"strep_exposureY",0.239154282446675,12,12,3.69472994770737,-1.26700997418945
"279","PWY.6527..stachyose.degradation.g","Roseburia","Roseburia_hominis","strep_exposure","Y",1.11873921792118,0.426000695701024,0.0253292206874909,"strep_exposureY",0.242851847093327,12,9,3.67579658182594,-1.27016077780568
"280","UNINTEGRATED.g","Bifidobacterium","Bifidobacterium_bifidum","strep_exposure","Y",-0.283904411531311,0.108296355639204,0.0255296769151375,"strep_exposureY",0.243899591957117,12,12,3.66791370291507,-1.27147261023602
"281","PWY.6123..inosine.5..phosphate.biosynthesis.I.g","Blautia","Blautia_wexlerae","strep_exposure","Y",0.718342338342919,0.275370800885174,0.0261017914134663,"strep_exposureY",0.248477907583709,12,11,3.64575133047759,-1.27516077026302
